{"lr": 0.1, "data_time": 0.0006206274032592773, "loss": 2.0491553783416747, "time": 0.08303186893463135, "epoch": 1, "iter": 72, "memory": 4306, "step": 72}
