{"lr": 0.1, "data_time": 0.0007185459136962891, "loss": 1.6971797943115234, "time": 0.08904988765716552, "epoch": 1, "iter": 72, "memory": 4306, "step": 72}
