{"lr": 0.1, "data_time": 0.0006813764572143555, "loss": 1.6899790287017822, "time": 0.08943846225738525, "epoch": 1, "iter": 72, "memory": 4306, "step": 72}
